{"IcoMoonType":"selection","icons":[{"icon":{"paths":["M918.050 0h-812.1c-58.505 0-105.95 47.445-105.95 105.95v812.134c0 58.539 47.445 105.95 105.95 105.95h812.134c58.539 0 105.95-47.411 105.95-105.95v-812.134c-0.034-58.505-47.445-105.95-105.984-105.95zM790.938 784.657h-188.723l-176.196-272.691v272.691h-192.956v-545.314h188.723l176.196 270.575v-270.575h192.922v545.314z"],"attrs":[{}],"isMulticolor":false,"isMulticolor2":false,"grid":0,"tags":["naver_icon-01"],"colorPermutations":{"25525525513207931":[{}]}},"attrs":[{}],"properties":{"order":5,"id":0,"name":"naver_icon-01","prevSize":32,"code":59648},"setIdx":0,"setId":2,"iconIdx":0}],"height":1024,"metadata":{"name":"icomoon"},"preferences":{"showGlyphs":true,"showQuickUse":true,"showQuickUse2":true,"showSVGs":true,"fontPref":{"prefix":"icon-","metadata":{"fontFamily":"icomoon"},"metrics":{"emSize":1024,"baseline":6.25,"whitespace":50},"embed":false},"imagePref":{"prefix":"icon-","png":true,"useClassSelector":true,"color":0,"bgColor":16777215,"classSelector":".icon"},"historySize":50,"showCodes":true,"gridSize":16}}